url,success,statusCode,scrapedAt,error,metaTitle,metaDescription,canonical,wordCount,h1_count,h2_count,h3_count,h1_first,h2_first,h2_all,schemaTypes,og_title,og_description,og_type
https://www.brushandfloss.com/locations/monkey-junction,true,200,2026-04-14T14:54:32.740Z,,"Dentist in Monkey Junction, NC | Riccobene Associates Family Dentistry","Looking for a dentist in Monkey Junction, NC? Riccobene Associates offers family, cosmetic, and other dental services in a modern office. Book your visit!",https://www.brushandfloss.com/locations/monkey-junction,2132,1,11,21,"EXPERT DENTIST IN MONKEY JUNCTION - WILMINGTON, NC",MEET OUR DOCTORS,MEET OUR DOCTORS | OUR SERVICES | WHAT OUR PATIENTS SAY | OUR OFFICE | WHY CHOOSE RICCOBENE? | OUR COMMITMENT TO EXCELLENCE | OTHER NEARBY LOCATIONS | PAYMENT OPTIONS & MEMBERSHIP PLANS | AFFORDABLE MEMBERSHIP PLANS | FREQUENTLY ASKED QUESTIONS | READY TO SCHEDULE? CONTACT US,WebPage | Organization | Insurance Accepted | Dentist | Service | Review | Review | Review | Review | FAQPage,"Riccobene Associates Family Dentistry | Wilmington, NC","Looking for a dentist in Monkey Junction, NC? Riccobene Associates offers family, cosmetic, and other dental services in a modern office. Book your visit!",website
https://www.brushandfloss.com/locations/southport,true,200,2026-04-14T14:54:32.790Z,,"Dentist in Southport, NC | Riccobene Associates Family Dentistry","Need a dentist in Southport, NC? Riccobene Associates Family Dentistry offers family, cosmetic, implants, and emergency dental care. Book your visit today!",https://www.brushandfloss.com/locations/southport,1957,1,11,20,"EXPERIENCED DENTISTS IN SOUTHPORT, NC",MEET OUR DOCTORS,MEET OUR DOCTORS | OUR SERVICES | WHAT OUR PATIENTS SAY | OUR OFFICE | WHY CHOOSE RICCOBENE? | OUR COMMITMENT TO EXCELLENCE | OTHER NEARBY LOCATIONS | PAYMENT OPTIONS & MEMBERSHIP PLANS | AFFORDABLE MEMBERSHIP PLANS | FREQUENTLY ASKED QUESTIONS | READY TO SCHEDULE? CONTACT US,WebPage | Organization | Insurance Accepted | Dentist | Service | Review | Review | Review | Review | Review | FAQPage,"Riccobene Associates Family Dentistry | Bolivia, NC","Need a dentist in Southport, NC? Riccobene Associates Family Dentistry offers family, cosmetic, implants, and emergency dental care. Book your visit today!",website
https://www.brushandfloss.com/locations/high-point,true,200,2026-04-14T14:54:32.602Z,,"Dentist in High Point, NC | Riccobene Associates Family Dentistry","Trusted dentists in High Point, NC, offering family care, dental implants, teeth whitening, and emergency services. Book your visit to our local clinic today.",https://www.brushandfloss.com/locations/high-point,1700,1,11,15,"COMPREHENSIVE DENTAL CARE IN HIGH POINT, NC",MEET OUR DOCTORS,MEET OUR DOCTORS | OUR SERVICES | WHAT OUR PATIENTS SAY | OUR OFFICE | WHY CHOOSE RICCOBENE? | OUR COMMITMENT TO EXCELLENCE | OTHER NEARBY LOCATIONS | PAYMENT OPTIONS & MEMBERSHIP PLANS | AFFORDABLE MEMBERSHIP PLANS | FREQUENTLY ASKED QUESTIONS | READY TO SCHEDULE? CONTACT US,WebPage | Organization | Insurance Accepted | Dentist | Service | Review | Review | Review | Review | Review | FAQPage,"Riccobene Associates Family Dentistry | High Point, NC","Trusted dentists in High Point, NC, offering family care, dental implants, teeth whitening, and emergency services. Book your visit to our local clinic today.",website
https://www.brushandfloss.com/locations/independence,true,200,2026-04-14T14:54:32.722Z,,"Dentist in Independence, NC | Riccobene Associates Family Dentistry","Looking for a reliable dentist in Independence, NC? We offer gentle and professional care to maintain your oral health.Book Now!",https://www.brushandfloss.com/locations/independence,1681,1,11,13,"RELIABLE DENTIST OFFERING EXPERT SERVICES IN INDEPENDENCE, NC",MEET OUR DOCTOR,MEET OUR DOCTOR | OUR SERVICES | WHAT OUR PATIENTS SAY | OUR OFFICE | WHY CHOOSE RICCOBENE? | OUR COMMITMENT TO EXCELLENCE | OTHER NEARBY LOCATIONS | PAYMENT OPTIONS & MEMBERSHIP PLANS | AFFORDABLE MEMBERSHIP PLANS | FREQUENTLY ASKED QUESTIONS | READY TO SCHEDULE? CONTACT US,WebPage | Organization | Insurance Accepted | Dentist | Service | Review | Review | Review | Review | FAQPage,"Riccobene Associates Family Dentistry | Charlotte, NC","Looking for a reliable dentist in Independence, NC? We offer gentle and professional care to maintain your oral health.Book Now!",website
https://www.brushandfloss.com/shallotte/,true,200,2026-04-14T14:54:32.343Z,,"Dentist in Shallotte, NC | Riccobene Associates Family Dentistry",Dentist in Shallotte NC. General cosmetic pediatric implants at Riccobene Shallotte. Call 910 754 7700 today to schedule your visit.,https://www.brushandfloss.com/locations/shallotte,1855,1,11,16,"EXPERIENCED DENTISTS IN SHALLOTTE, NC",MEET OUR DOCTORS,MEET OUR DOCTORS | OUR SERVICES | WHAT OUR PATIENTS SAY | OUR OFFICE | WHY CHOOSE RICCOBENE? | OUR COMMITMENT TO EXCELLENCE | OTHER NEARBY LOCATIONS | PAYMENT OPTIONS & MEMBERSHIP PLANS | AFFORDABLE MEMBERSHIP PLANS | FREQUENTLY ASKED QUESTIONS | READY TO SCHEDULE? CONTACT US,WebPage | Organization | Insurance Accepted | Dentist | Service | Review | Review | Review | Review | Review | FAQPage,"Riccobene Associates Family Dentistry | Shallotte, NC",Dentist in Shallotte NC. General cosmetic pediatric implants at Riccobene Shallotte. Call 910 754 7700 today to schedule your visit.,website
https://www.brushandfloss.com/locations/rock-hill-sc,true,500,2026-04-14T14:54:34.114Z,,500 - Something unexpected happened,The page you requested unexpectedly failed to load.,,21,1,0,0,Something unexpected happened,,,,,,
http://www.brushandfloss.com/,true,200,2026-04-14T14:54:34.358Z,,Riccobene Associates Family Dentistry | Dentists in North Carolina,Riccobene Associates Family Dentistry delivers top-notch dental care to families and patients throughout North Carolina.,https://www.brushandfloss.com/,227,3,8,1,CHANGING,BE OUR GUEST,"BE OUR GUEST | THE RICCOBENE WAY | FIND A DENTIST
NEAR YOU | EVERYTHING IN
ONE PLACE | AFFORDABLE
PAYMENT OPTIONS | JOIN OUR TEAM | JOIN THE RICCOBENE FAMILY | FIND A LOCATION",,Riccobene Associates Family Dentistry | Dentists in North Carolina,Riccobene Associates Family Dentistry delivers top-notch dental care to families and patients throughout North Carolina.,website
https://www.brushandfloss.com/locations/winston-salem,true,200,2026-04-14T14:54:35.353Z,,"Dentist in Winston-Salem, NC | Riccobene Associates Family Dentistry","Looking for a dentist in Winston-Salem, NC? Our expert team provides dental care with comfort and clinical excellence. Book your appointment today!",https://www.brushandfloss.com/locations/winston-salem,2092,1,11,19,"TRUSTED DENTIST IN WINSTON SALEM, NC – EXPERT CARE FOR YOUR SMILE",MEET OUR DOCTORS,MEET OUR DOCTORS | OUR SERVICES | WHAT OUR PATIENTS SAY | OUR OFFICE | WHY CHOOSE RICCOBENE? | OUR COMMITMENT TO EXCELLENCE | OTHER NEARBY LOCATIONS | PAYMENT OPTIONS & MEMBERSHIP PLANS | AFFORDABLE MEMBERSHIP PLANS | FREQUENTLY ASKED QUESTIONS | READY TO SCHEDULE? CONTACT US,WebPage | Organization | Insurance Accepted | Dentist | Service | Review | Review | Review | Review | FAQPage,"Riccobene Associates Family Dentistry | Winston-Salem, NC","Looking for a dentist in Winston-Salem, NC? Our expert team provides dental care with comfort and clinical excellence. Book your appointment today!",website
https://www.brushandfloss.com/locations/leland,true,200,2026-04-14T14:54:35.637Z,,"Dentist in Leland, NC | Riccobene Associates Family Dentistry","Dentist in Leland NC, providing family, pediatric, cosmetic, emergency, and implant care with modern comfort. Call 910-663-1223 to schedule your visit today!",https://www.brushandfloss.com/locations/leland,2004,1,11,21,"TRUSTED DENTISTS IN LELAND, NC FOR COMPLETE FAMILY DENTAL CARE",MEET OUR DOCTORS,MEET OUR DOCTORS | OUR SERVICES | WHAT OUR PATIENTS SAY | OUR OFFICE | WHY CHOOSE RICCOBENE? | OUR COMMITMENT TO EXCELLENCE | OTHER NEARBY LOCATIONS | PAYMENT OPTIONS & MEMBERSHIP PLANS | AFFORDABLE MEMBERSHIP PLANS | FREQUENTLY ASKED QUESTIONS | READY TO SCHEDULE? CONTACT US,WebPage | Organization | Insurance Accepted | Dentist | Service | Review | Review | Review | FAQPage,"Riccobene Associates Family Dentistry | Leland, NC","Dentist in Leland NC, providing family, pediatric, cosmetic, emergency, and implant care with modern comfort. Call 910-663-1223 to schedule your visit today!",website
https://www.brushandfloss.com/locations/porters-neck,true,200,2026-04-14T14:54:36.911Z,,"Dentist in Wilmington, Porters Neck, NC | Riccobene Associates Family Dentistry","Looking for an expert dentist in Wilmington, Porters Neck? We offer cosmetic, implant, and emergency care in a modern, welcoming office. Book today!",https://www.brushandfloss.com/locations/porters-neck,2050,1,11,17,"DENTIST IN PORTERS NECK, WILMINGTON, NC FOR FAMILY DENTAL CARE",MEET OUR DOCTORS,MEET OUR DOCTORS | OUR SERVICES | WHAT OUR PATIENTS SAY | OUR OFFICE | WHY CHOOSE RICCOBENE? | OUR COMMITMENT TO EXCELLENCE | OTHER NEARBY LOCATIONS | PAYMENT OPTIONS & MEMBERSHIP PLANS | AFFORDABLE MEMBERSHIP PLANS | FREQUENTLY ASKED QUESTIONS | READY TO SCHEDULE? CONTACT US,WebPage | Organization | Insurance Accepted | Dentist | Service | Review | Review | Review | Review | Review | FAQPage,"Riccobene Associates Family Dentistry | Wilmington, NC","Looking for an expert dentist in Wilmington, Porters Neck? We offer cosmetic, implant, and emergency care in a modern, welcoming office. Book today!",website
https://commonwealth-dentistry.com/chesterfield/,true,200,2026-04-14T14:54:42.013Z,,Chesterfield Dentist Office | Commonwealth Dentistry,Chesterfield Dentists At Commonwealth Dentistry | Convenient Local Dentists Office | All Treatments In-Office | Family Friendly Dentist | Schedule Online,https://commonwealth-dentistry.com/chesterfield/,1649,1,8,20,Experienced Chesterfield Dentists at Commonwealth Dentistry,Compassionate dentistry tailored to your needs,Compassionate dentistry tailored to your needs | Meet our Chesterfield dentists | Frequently Asked Questions | Hear From Our Patients | Becoming a patient is easy | New Patients Always Welcome! | Provide Your Address Below For The Location Nearest You | Ready to Join the Commonwealth Family?,? | FAQPage | Dentist,Chesterfield Dentist Office | Commonwealth Dentistry,Chesterfield Dentists At Commonwealth Dentistry | Convenient Local Dentists Office | All Treatments In-Office | Family Friendly Dentist | Schedule Online,article
https://www.brushandfloss.com/locations/rocky-mount-sunset,true,200,2026-04-14T14:54:36.974Z,,"Dentist in Rocky Mount, Sunset NC | Riccobene Associates Family Dentistry","Need a dentist in Rocky Mount Sunset, NC? Riccobene Associates Family Dentistry offers quality dental care in a modern practice. Book your appointment now!",https://www.brushandfloss.com/locations/rocky-mount-sunset,1782,1,11,15,"EXCEPTIONAL DENTIST IN ROCKY MOUNT SUNSET, NC FOR FAMILY AND EMERGENCY CARE",MEET OUR DOCTORS,MEET OUR DOCTORS | OUR SERVICES | WHAT OUR PATIENTS SAY | OUR OFFICE | WHY CHOOSE RICCOBENE? | OUR COMMITMENT TO EXCELLENCE | OTHER NEARBY LOCATIONS | PAYMENT OPTIONS & MEMBERSHIP PLANS | AFFORDABLE MEMBERSHIP PLANS | FREQUENTLY ASKED QUESTIONS | READY TO SCHEDULE? CONTACT US,WebPage | Organization | Insurance Accepted | Dentist | Service | Review | Review | Review | Review | FAQPage,"Riccobene Associates Family Dentistry | Rocky Mount, NC","Need a dentist in Rocky Mount Sunset, NC? Riccobene Associates Family Dentistry offers quality dental care in a modern practice. Book your appointment now!",website
https://commonwealth-dentistry.com/midlothian/,true,200,2026-04-14T14:54:42.138Z,,Midlothian Dentist Office | Commonwealth Dentistry,Midlothian Dentists At Commonwealth Dentistry | Convenient Local Dentists Office | All Treatments In-Office | Family Friendly Dentist | Schedule Online,https://commonwealth-dentistry.com/midlothian/,986,1,7,12,Midlothian Dentists At Commonwealth Dentistry,Dentistry centered around you,Dentistry centered around you | Meet our Midlothian dentists | Hear From Our Patients | Becoming a patient is easy | New Patients Always Welcome! | Provide Your Address Below For The Location Nearest You | Ready to Join the Commonwealth Family?,? | Dentist,Midlothian Dentist Office | Commonwealth Dentistry,Midlothian Dentists At Commonwealth Dentistry | Convenient Local Dentists Office | All Treatments In-Office | Family Friendly Dentist | Schedule Online,article
https://commonwealth-dentistry.com/palmyra/,true,200,2026-04-14T14:54:42.161Z,,Palmyra Dentist Office | Commonwealth Dentistry,Palmyra Dentists At Commonwealth Dentistry | Convenient Local Dentists Office | All Treatments In-Office | Family Friendly Dentist | Schedule Online,https://commonwealth-dentistry.com/palmyra/,1151,1,7,13,"Palmyra Dentists At
Commonwealth Dentistry",Dentistry centered around you,Dentistry centered around you | Meet Our Palmyra Dentists | Hear From Our Patients | Becoming a patient is easy | New Patients Always Welcome! | Provide Your Address Below For The Location Nearest You | Ready to Join the Commonwealth Family?,? | Dentist,Palmyra Dentist Office | Commonwealth Dentistry,Palmyra Dentists At Commonwealth Dentistry | Convenient Local Dentists Office | All Treatments In-Office | Family Friendly Dentist | Schedule Online,article
https://www.brushandfloss.com/locations/columbia-sc,true,200,2026-04-14T14:54:40.324Z,,"Dentist in Columbia, SC | Riccobene Associates Family Dentistry","Looking for a dentist in Columbia, SC? Riccobene Associates offers family, cosmetic, and emergency care with advanced technology and expert care. Call today!",https://www.brushandfloss.com/locations/columbia-sc,1984,1,11,12,"TRUSTED DENTIST IN COLUMBIA, SC - COMPASSIONATE CARE FOR YOUR SMILE",MEET OUR DOCTOR,MEET OUR DOCTOR | OUR SERVICES | WHAT OUR PATIENTS SAY | OUR OFFICE | WHY CHOOSE RICCOBENE? | OUR COMMITMENT TO EXCELLENCE | OTHER NEARBY LOCATIONS | PAYMENT OPTIONS & MEMBERSHIP PLANS | AFFORDABLE MEMBERSHIP PLANS | FREQUENTLY ASKED QUESTIONS | READY TO SCHEDULE? CONTACT US,WebPage | Organization | Insurance Accepted | Dentist | Service | Review | Review | Review | Review | Review | Review | Review | Review | FAQPage,"Riccobene Associates Family Dentistry | Columbia, SC","Looking for a dentist in Columbia, SC? Riccobene Associates offers family, cosmetic, and emergency care with advanced technology and expert care. Call today!",website
https://www.brushandfloss.com/selma/,true,200,2026-04-14T14:54:40.703Z,,"Dentist in Selma, NC | Riccobene Associates Family Dentistry","Looking for a dentist in Selma, NC? Riccobene Associates Family Dentistry offers general, pediatric, cosmetic, and emergency dental care. Schedule today!",https://www.brushandfloss.com/locations/selma,1996,1,11,21,"EXPERIENCED DENTISTS IN SELMA, NC",MEET OUR DOCTORS,MEET OUR DOCTORS | OUR SERVICES | WHAT OUR PATIENTS SAY | OUR OFFICE | WHY CHOOSE RICCOBENE? | OUR COMMITMENT TO EXCELLENCE | OTHER NEARBY LOCATIONS | PAYMENT OPTIONS & MEMBERSHIP PLANS | AFFORDABLE MEMBERSHIP PLANS | FREQUENTLY ASKED QUESTIONS | READY TO SCHEDULE? CONTACT US,WebPage | Organization | Insurance Accepted | Dentist | Service | Review | Review | Review | Review | Review | FAQPage,"Riccobene Associates Family Dentistry | Selma, NC","Looking for a dentist in Selma, NC? Riccobene Associates Family Dentistry offers general, pediatric, cosmetic, and emergency dental care. Schedule today!",website
https://www.brushandfloss.com/locations/greensboro,true,200,2026-04-14T14:54:43.168Z,,"Dentist in Greensboro, NC | Riccobene Associates Family Dentistry","Looking for a dentist in Greensboro, NC? Riccobene Associates offers professional dental care for all ages under one roof. Schedule your visit with us today!",https://www.brushandfloss.com/locations/greensboro,1846,1,11,14,"TOP-RATED DENTISTS IN GREENSBORO, NC",MEET YOUR DOCTOR,MEET YOUR DOCTOR | OUR SERVICES | WHAT OUR PATIENTS SAY | OUR OFFICE | WHY CHOOSE RICCOBENE? | OUR COMMITMENT TO EXCELLENCE | OTHER NEARBY LOCATIONS | PAYMENT OPTIONS & MEMBERSHIP PLANS | AFFORDABLE MEMBERSHIP PLANS | FREQUENTLY ASKED QUESTIONS | READY TO SCHEDULE? CONTACT US,WebPage | Organization | Insurance Accepted | Dentist | Service | Review | Review | Review | Review | Review | FAQPage,"Riccobene Associates Family Dentistry | Greensboro, NC","Looking for a dentist in Greensboro, NC? Riccobene Associates offers professional dental care for all ages under one roof. Schedule your visit with us today!",website
https://www.brushandfloss.com/locations/charlotte-university,true,200,2026-04-14T14:54:42.969Z,,"Dentist in University Area, Charlotte, NC | Riccobene Associates Family Dentistry",Brighten your smile with expert dental care in the University Area of Charlotte. Book your seat Now!,https://www.brushandfloss.com/locations/charlotte-university,1601,1,11,11,"EXPERT DENTAL CARE FOR FAMILIES IN THE UNIVERSITY AREA CHARLOTTE, NC",MEET YOUR DOCTOR,MEET YOUR DOCTOR | OUR SERVICES | WHAT OUR PATIENTS SAY | OUR OFFICE | WHY CHOOSE RICCOBENE? | OUR COMMITMENT TO EXCELLENCE | OTHER NEARBY LOCATIONS | PAYMENT OPTIONS & MEMBERSHIP PLANS | AFFORDABLE MEMBERSHIP PLANS | FREQUENTLY ASKED QUESTIONS | READY TO SCHEDULE? CONTACT US,WebPage | Organization | Insurance Accepted | Dentist | Service | Review | Review | Review | Review | FAQPage,"Riccobene Associates Family Dentistry | Charlotte, NC",Brighten your smile with expert dental care in the University Area of Charlotte. Book your seat Now!,website
https://www.brushandfloss.com/locations/mocksville,true,200,2026-04-14T14:54:45.335Z,,"Dentist in Mocksville, NC | Riccobene Associates Family Dentistry","Dentist in Mocksville NC offering family, pediatric, cosmetic, emergency & implant care in a modern, welcoming practice. Call 336-753-6630 today!",https://www.brushandfloss.com/locations/mocksville,1586,1,11,15,"TRUSTED DENTISTS IN MOCKSVILLE, NC FOR COMPLETE FAMILY DENTAL CARE",MEET OUR DOCTOR,MEET OUR DOCTOR | OUR SERVICES | WHAT OUR PATIENTS SAY | OUR OFFICE | WHY CHOOSE RICCOBENE? | OUR COMMITMENT TO EXCELLENCE | OTHER NEARBY LOCATIONS | PAYMENT OPTIONS & MEMBERSHIP PLANS | AFFORDABLE MEMBERSHIP PLANS | FREQUENTLY ASKED QUESTIONS | READY TO SCHEDULE? CONTACT US,WebPage | Organization | Insurance Accepted | Dentist | Service | Review | Review | Review | Review | Review | FAQPage,"Riccobene Associates Family Dentistry | Mocksville, NC","Dentist in Mocksville NC offering family, pediatric, cosmetic, emergency & implant care in a modern, welcoming practice. Call 336-753-6630 today!",website
https://commonwealth-dentistry.com/mechanicsville/,true,200,2026-04-14T14:54:44.951Z,,Mechanicsville Dentist Office | Commonwealth Dentistry,Mechanicsville Dentists At Commonwealth Dentistry | Convenient Local Dentists Office | All Treatments In-Office | Family Friendly Dentist | Schedule Online,https://commonwealth-dentistry.com/mechanicsville/,996,1,7,12,"Mechanicsville Dentists At
Commonwealth Dentistry",Dentistry centered around you,Dentistry centered around you | Meet Your Mechanicsville Dentist | Hear From Our Patients | Becoming a patient is easy | New Patients Always Welcome! | Provide Your Address Below For The Location Nearest You | Ready to Join the Commonwealth Family?,? | Dentist,Mechanicsville Dentist Office | Commonwealth Dentistry,Mechanicsville Dentists At Commonwealth Dentistry | Convenient Local Dentists Office | All Treatments In-Office | Family Friendly Dentist | Schedule Online,article
https://www.brushandfloss.com/locations/mebane,true,200,2026-04-14T14:54:45.047Z,,"Dentist in Mebane, NC | Riccobene Associates Family Dentistry","Dentist in Mebane, NC, providing family, pediatric, cosmetic, emergency, and implant care in a modern, welcoming practice. Call 336-270-2919 today!",https://www.brushandfloss.com/locations/mebane,1884,1,11,18,"TRUSTED DENTISTS IN MEBANE, NC FOR COMPLETE FAMILY DENTAL CARE",MEET OUR DOCTORS,MEET OUR DOCTORS | OUR SERVICES | WHAT OUR PATIENTS SAY | OUR OFFICE | WHY CHOOSE RICCOBENE? | OUR COMMITMENT TO EXCELLENCE | OTHER NEARBY LOCATIONS | PAYMENT OPTIONS & MEMBERSHIP PLANS | AFFORDABLE MEMBERSHIP PLANS | FREQUENTLY ASKED QUESTIONS | READY TO SCHEDULE? CONTACT US,WebPage | Organization | Insurance Accepted | Dentist | Service | Review | Review | Review | Review | FAQPage,"Riccobene Associates Family Dentistry | Mebane, NC","Dentist in Mebane, NC, providing family, pediatric, cosmetic, emergency, and implant care in a modern, welcoming practice. Call 336-270-2919 today!",website
https://www.brushandfloss.com/locations/wake-forest,true,200,2026-04-14T14:54:45.428Z,,"Dentist in Wake Forest, NC | Riccobene Associates Family Dentistry",Dentist in Wake Forest NC offering family cosmetic implants emergency dentistry with advanced technology and friendly care Call Brush and Floss to schedule today,https://www.brushandfloss.com/locations/wake-forest,2068,1,11,16,"EXPERIENCED DENTISTS IN WAKE FOREST, NC",MEET OUR DOCTOR,MEET OUR DOCTOR | OUR SERVICES | WHAT OUR PATIENTS SAY | OUR OFFICE | WHY CHOOSE RICCOBENE? | OUR COMMITMENT TO EXCELLENCE | OTHER NEARBY LOCATIONS | PAYMENT OPTIONS & MEMBERSHIP PLANS | AFFORDABLE MEMBERSHIP PLANS | FREQUENTLY ASKED QUESTIONS | READY TO SCHEDULE? CONTACT US,WebPage | Organization | Insurance Accepted | Dentist | Service | Review | Review | Review | Review | Review | FAQPage,"Riccobene Associates Family Dentistry | Wake Forest, NC",Dentist in Wake Forest NC offering family cosmetic implants emergency dentistry with advanced technology and friendly care Call Brush and Floss to schedule today,website
https://commonwealth-dentistry.com/,true,200,2026-04-14T14:54:45.949Z,,Commonwealth Dentistry | Central Virginia Dentist & Dental Care,Experienced Dentists At Commonwealth Dentistry | Comfortable & Convenient Care | All Treatments In-Office | Family Friendly Dentist | Schedule Online,https://commonwealth-dentistry.com/,945,1,16,8,"Changing Lives
One Smile At a Time",Comprehensive & compassionate dentistry for the whole family,Comprehensive & compassionate dentistry for the whole family | Endodontics | General Dentistry | Cosmetic Dentistry | Orthodontics | Pediatric Dentistry | Periodontics | Endodontics | General Dentistry | Award-Winning Dentistry | New Patients Always Welcome! | Verify your dental insurance coverage instantly | DELMAIN_INSURANCE_PROVIDER | Hear From Our Patients | Provide Your Address Below For The Location Nearest You | Ready to Join the Commonwealth Family?,? | Dentist,Commonwealth Dentistry | Central Virginia Dentist & Dental Care,Experienced Dentists At Commonwealth Dentistry | Comfortable & Convenient Care | All Treatments In-Office | Family Friendly Dentist | Schedule Online,article
https://www.brushandfloss.com/locations/selma-orthodontics,true,200,2026-04-14T14:54:47.033Z,,"Orthodontist in Selma, NC | BrushAndFloss Orthodontics","Need an orthodontist in Selma, NC? Brush and Floss Orthodontics offers expert care with braces, Invisalign®, and pediatric orthodontics. Book today!",https://www.brushandfloss.com/locations/selma-orthodontics,1490,1,11,12,"TRUSTED ORTHODONTIST IN SELMA, NC FOR BRACES AND INVISALIGN® CARE",MEET YOUR DOCTOR,MEET YOUR DOCTOR | OUR SERVICES | WHAT OUR PATIENTS SAY | OUR OFFICE | WHY CHOOSE RICCOBENE? | OUR COMMITMENT TO EXCELLENCE | OTHER NEARBY LOCATIONS | PAYMENT OPTIONS & MEMBERSHIP PLANS | AFFORDABLE MEMBERSHIP PLANS | FREQUENTLY ASKED QUESTIONS | READY TO SCHEDULE? CONTACT US,WebPage | Organization | Insurance Accepted | Dentist | Service | Review | Review | Review | Review | FAQPage,"BrushAndFloss Orthodontics | Selma, NC","Need an orthodontist in Selma, NC? Brush and Floss Orthodontics offers expert care with braces, Invisalign®, and pediatric orthodontics. Book today!",website
https://www.brushandfloss.com/locations/fort-mill,true,200,2026-04-14T14:54:47.727Z,,"Dentist in Fort Mill, SC | Riccobene Associates Family Dentistry","Looking for a reliable dentist in Fort Mill, SC? We offer comprehensive care from cleanings to cosmetic treatments. Call today to schedule your appointment!",https://www.brushandfloss.com/locations/fort-mill,1533,1,11,12,"EXPERT DENTISTS IN FORT MILL, SC",MEET OUR DOCTOR,MEET OUR DOCTOR | OUR SERVICES | WHAT OUR PATIENTS SAY | OUR OFFICE | WHY CHOOSE RICCOBENE? | OUR COMMITMENT TO EXCELLENCE | OTHER NEARBY LOCATIONS | PAYMENT OPTIONS & MEMBERSHIP PLANS | AFFORDABLE MEMBERSHIP PLANS | FREQUENTLY ASKED QUESTIONS | READY TO SCHEDULE? CONTACT US,WebPage | Organization | Insurance Accepted | Dentist | Service | Review | Review | Review | Review | Review | FAQPage,"Riccobene Associates Family Dentistry | Fort Mill, SC","Looking for a reliable dentist in Fort Mill, SC? We offer comprehensive care from cleanings to cosmetic treatments. Call today to schedule your appointment!",website
https://www.brushandfloss.com/locations/raleigh-falls,true,200,2026-04-14T14:54:47.485Z,,Dentist in Raleigh Falls NC | Riccobene Associates Family Dentistry,"Need a dentist in Raleigh Falls, NC? Riccobene Associates Family Dentistry offers family, cosmetic, and emergency care. Schedule your visit today!",https://www.brushandfloss.com/locations/raleigh-falls,1924,1,11,18,"TRUSTED DENTISTS IN RALEIGH FALLS, NC FOR COMPLETE FAMILY DENTAL CARE",MEET OUR DOCTOR,MEET OUR DOCTOR | OUR SERVICES | WHAT OUR PATIENTS SAY | OUR OFFICE | WHY CHOOSE RICCOBENE? | OUR COMMITMENT TO EXCELLENCE | OTHER NEARBY LOCATIONS | PAYMENT OPTIONS & MEMBERSHIP PLANS | AFFORDABLE MEMBERSHIP PLANS | FREQUENTLY ASKED QUESTIONS | READY TO SCHEDULE? CONTACT US,WebPage | Organization | Insurance Accepted | Dentist | Service | Review | Review | Review | Review | Review | FAQPage,"Riccobene Associates Family Dentistry | Raleigh, NC","Need a dentist in Raleigh Falls, NC? Riccobene Associates Family Dentistry offers family, cosmetic, and emergency care. Schedule your visit today!",website
https://www.brushandfloss.com/cary-pediatric/,true,200,2026-04-14T14:54:48.893Z,,"Pediatric Dentist in Cary, NC | Riccobene Associates Family Dentistry for Kids","At Riccobene, our team includes a trusted pediatric dentist in Cary, NC, who delivers quality care to ensure your child’s teeth stay healthy and bright. Call Now!",https://www.brushandfloss.com/locations/cary-pediatric,1744,1,11,13,"TRUSTED PEDIATRIC DENTIST IN CARY, NC",MEET OUR DOCTOR,MEET OUR DOCTOR | OUR SERVICES | WHAT OUR PATIENTS SAY | OUR OFFICE | WHY CHOOSE RICCOBENE? | OUR COMMITMENT TO EXCELLENCE | OTHER NEARBY LOCATIONS | PAYMENT OPTIONS & MEMBERSHIP PLANS | AFFORDABLE MEMBERSHIP PLANS | FREQUENTLY ASKED QUESTIONS | READY TO SCHEDULE? CONTACT US,WebPage | Organization | Insurance Accepted | Dentist | Service | Review | Review | Review | Review | Review | FAQPage,"Riccobene Associates Family Dentistry for Kids | Cary, NC","At Riccobene, our team includes a trusted pediatric dentist in Cary, NC, who delivers quality care to ensure your child’s teeth stay healthy and bright. Call Now!",website
https://www.brushandfloss.com/locations/clemmons,true,200,2026-04-14T14:54:49.178Z,,"Dentist in Clemmons, NC | Riccobene Associates Family Dentistry","Dentist in Clemmons, NC provides expert family and cosmetic dentistry in Clemmons. Call us now!",https://www.brushandfloss.com/locations/clemmons,1846,1,11,18,"TRUSTED DENTISTS IN CLEMMONS, NC FOR COMPLETE FAMILY DENTAL CARE",MEET OUR DOCTOR,MEET OUR DOCTOR | OUR SERVICES | WHAT OUR PATIENTS SAY | OUR OFFICE | WHY CHOOSE RICCOBENE? | OUR COMMITMENT TO EXCELLENCE | OTHER NEARBY LOCATIONS | PAYMENT OPTIONS & MEMBERSHIP PLANS | AFFORDABLE MEMBERSHIP PLANS | FREQUENTLY ASKED QUESTIONS | READY TO SCHEDULE? CONTACT US,WebPage | Organization | Insurance Accepted | Dentist | Service | Review | Review | Review | Review | Review | FAQPage,"Riccobene Associates Family Dentistry | Clemmons, NC","Dentist in Clemmons, NC provides expert family and cosmetic dentistry in Clemmons. Call us now!",website
https://www.brushandfloss.com/locations/knightdale,true,200,2026-04-14T14:54:49.074Z,,"Dentist in Knightdale, NC | Riccobene Associates Family Dentistry","Looking for a dentist in Knightdale, NC? Riccobene Associates offers gentle, expert dental care for the whole family. Schedule your visit today!",https://www.brushandfloss.com/locations/knightdale,1877,1,11,16,"EXCEPTIONAL DENTIST IN KNIGHTDALE, NC PROVIDING FAMILY AND COSMETIC CARE",MEET OUR DOCTORS,MEET OUR DOCTORS | OUR SERVICES | WHAT OUR PATIENTS SAY | OUR OFFICE | WHY CHOOSE RICCOBENE? | OUR COMMITMENT TO EXCELLENCE | OTHER NEARBY LOCATIONS | PAYMENT OPTIONS & MEMBERSHIP PLANS | AFFORDABLE MEMBERSHIP PLANS | FREQUENTLY ASKED QUESTIONS | READY TO SCHEDULE? CONTACT US,WebPage | Organization | Insurance Accepted | Dentist | Service | Review | Review | Review | Review | Review | FAQPage,"Riccobene Associates Family Dentistry | Knightdale, NC","Looking for a dentist in Knightdale, NC? Riccobene Associates offers gentle, expert dental care for the whole family. Schedule your visit today!",website
https://commonwealth-dentistry.com/midlothian/pediatrics/,true,200,2026-04-14T14:54:49.875Z,,Midlothian Pediatric Dentists | Commonwealth Dentistry,Midlothian Pediatric Dentists | Convenient & Comfortable Kids Dentist Office | All Treatments In-Office | Family Friendly | Schedule Online,https://commonwealth-dentistry.com/midlothian/pediatrics/,1016,1,10,12,Midlothian Pediatric Dentists,Compassionate dental care designed for kids,Compassionate dental care designed for kids | Pediatric Dentistry at Commonwealth Dentistry | Pediatric dentistry can help your child… | Looking for information about our Midlothian orthodontic services? Click below | Meet our Midlothian children’s dentist | Hear From Our Patients | Becoming a patient is easy | New Patients Always Welcome! | Provide Your Address Below For The Location Nearest You | Ready to Join the Commonwealth Family?,? | Dentist,Midlothian Pediatric Dentists | Commonwealth Dentistry,Midlothian Pediatric Dentists | Convenient & Comfortable Kids Dentist Office | All Treatments In-Office | Family Friendly | Schedule Online,article
https://commonwealth-dentistry.com/chesapeake/,true,200,2026-04-14T14:54:49.689Z,,Chesapeake Dentist Office | Commonwealth Dentistry,Chesapeake Dentists At Commonwealth Dentistry | Convenient Local Dentists Office | All Treatments In-Office | Family Friendly Dentist | Schedule Online,https://commonwealth-dentistry.com/chesapeake/,1010,1,7,13,Chesapeake Dentists At Commonwealth Dentistry,Dentistry centered around you,Dentistry centered around you | Meet Your Chesapeake Dentists | Hear From Our Patients | Becoming a patient is easy | New Patients Always Welcome! | Provide Your Address Below For The Location Nearest You | Ready to Join the Commonwealth Family?,? | Dentist,Chesapeake Dentist Office | Commonwealth Dentistry,Chesapeake Dentists At Commonwealth Dentistry | Convenient Local Dentists Office | All Treatments In-Office | Family Friendly Dentist | Schedule Online,article